{
  "gender_parity": {
    "group_rates": {
      "F": 0.191875,
      "M": 0.2131685393258427,
      "Non-binary": 0.24685714285714286
    },
    "max_rate": 0.24685714285714286,
    "min_rate": 0.191875,
    "disparity": 0.05498214285714287,
    "fair": true
  },
  "gender_equalized_odds": {
    "group_metrics": {
      "M": {
        "tpr": 0.8300140816737075,
        "fpr": 0.03570808495862029
      },
      "Non-binary": {
        "tpr": 0.8634361233480177,
        "fpr": 0.030864197530864196
      },
      "F": {
        "tpr": 0.7901345291479821,
        "fpr": 0.03374160410904781
      }
    },
    "tpr_disparity": 0.07330159420003557,
    "fpr_disparity": 0.0048438874277560925,
    "fair": true
  },
  "department_parity": {
    "group_rates": {
      "AIDS": 0.23057692307692307,
      "AIML": 0.22323076923076923,
      "BCA": 0.10421052631578948,
      "CIVIL": 0.09157894736842105,
      "CSE": 0.24012987012987014,
      "ECE": 0.19463917525773197,
      "EEE": 0.16393442622950818,
      "IT": 0.2946511627906977,
      "MBA": 0.14620689655172414,
      "MECH": 0.13414634146341464
    },
    "max_rate": 0.2946511627906977,
    "min_rate": 0.09157894736842105,
    "disparity": 0.20307221542227666,
    "fair": false
  },
  "board_10th_parity": {
    "group_rates": {
      "CBSE": 0.17470319634703196,
      "ICSE": 0.2562037037037037,
      "Matriculation": 0.19700534759358287,
      "State": 0.19359550561797753
    },
    "max_rate": 0.2562037037037037,
    "min_rate": 0.17470319634703196,
    "disparity": 0.08150050735667175,
    "fair": true
  },
  "board_12th_parity": {
    "group_rates": {
      "CBSE": 0.21330188679245282,
      "HSC": 0.2254335260115607,
      "ICSE": 0.19202072538860104,
      "State": 0.19648648648648648
    },
    "max_rate": 0.2254335260115607,
    "min_rate": 0.19202072538860104,
    "disparity": 0.03341280062295965,
    "fair": true
  }
}